artist_1,artist_2
4Ge8xMJNwt6EEXOzVXju9a,2wPDbhaGXCqROrVmwDdCrK
4Ge8xMJNwt6EEXOzVXju9a,2mpeljBig2IXLXRAFO9AAs
4Ge8xMJNwt6EEXOzVXju9a,053q0ukIDRgzwTr4vNSwab
4Ge8xMJNwt6EEXOzVXju9a,3Uqu1mEdkUJxPe7s31n1M9
2wPDbhaGXCqROrVmwDdCrK,7ltDVBr6mKbRvohxheJ9h1
2wPDbhaGXCqROrVmwDdCrK,335TWGWGFan4vaacJzSiU8
2wPDbhaGXCqROrVmwDdCrK,791Z3924aa619hZ3xsOJEx
2wPDbhaGXCqROrVmwDdCrK,33EUXrFKGjpUSGacqEHhU4
2mpeljBig2IXLXRAFO9AAs,5HRGFSrlJruRPZNPbsy57r
2mpeljBig2IXLXRAFO9AAs,0SfsnGyD8FpIN4U4WCkBZ5
2mpeljBig2IXLXRAFO9AAs,2YZyLoL8N0Wb9xBt1NhZWg
2mpeljBig2IXLXRAFO9AAs,2mqIaYukHl8Zb7cvAHG0Y6
2mpeljBig2IXLXRAFO9AAs,0tMr0e1EQZ0Vci7EHz2bM9
053q0ukIDRgzwTr4vNSwab,10dTAeheJUqaoY9C0UxdHx
053q0ukIDRgzwTr4vNSwab,1YAv2yohpdjlPVbtqZCGLY
053q0ukIDRgzwTr4vNSwab,3gRbjzXPan9DOBEMmTjxVo
053q0ukIDRgzwTr4vNSwab,0y42IQBDFigO5mmEd1bGQG
053q0ukIDRgzwTr4vNSwab,2jYMYP2SVifgmzNRQJx3SJ
7ltDVBr6mKbRvohxheJ9h1,37230BxxYs9ksS7OkZw3IU
7ltDVBr6mKbRvohxheJ9h1,2p4aN0Uxkk3iT3HK0cJ2cJ
7ltDVBr6mKbRvohxheJ9h1,1Xyo4u8uXC1ZmMpatF05PJ
335TWGWGFan4vaacJzSiU8,422xxK1WL06dHKlZDASc9x
335TWGWGFan4vaacJzSiU8,2f1BFOhuLHw7mXfquuG85y
335TWGWGFan4vaacJzSiU8,3ypTgZWVLSkBaTjFNjSDE8
335TWGWGFan4vaacJzSiU8,1cdFsfULlsBxTYbAhWlKNQ
335TWGWGFan4vaacJzSiU8,08DpSTsNFBf1PxTm9lwpXb
791Z3924aa619hZ3xsOJEx,4gQsGkfdB4uVrNBqo4MhmI
791Z3924aa619hZ3xsOJEx,44mRrrRjaV8iu1VLIKuwty
791Z3924aa619hZ3xsOJEx,4JbZkZewgxY5ZOuJD8dSPl
791Z3924aa619hZ3xsOJEx,32KmawYmxJ5tcL7Qkbegff
791Z3924aa619hZ3xsOJEx,112n8pqLHAybFBHk2nB9yp
33EUXrFKGjpUSGacqEHhU4,3CcqTY5fsD6Bli5ecGhDKz
33EUXrFKGjpUSGacqEHhU4,57UAfFRB3Yn1PSsjX0xNbG
33EUXrFKGjpUSGacqEHhU4,0qT79UgT5tY4yudH9VfsdT
33EUXrFKGjpUSGacqEHhU4,4BFMTELQyWJU1SwqcXMBm3
33EUXrFKGjpUSGacqEHhU4,5zNHgHdloaJWeZtkVfFCPF
5HRGFSrlJruRPZNPbsy57r,1NBf74RR6Dd0cUQog9Uhcd
5HRGFSrlJruRPZNPbsy57r,4WRWFxbK0DKYIpHcScsnAE
5HRGFSrlJruRPZNPbsy57r,67Gv7dwcRa7EjGDf1zWaHR
5HRGFSrlJruRPZNPbsy57r,3VPDTHXbhY1NdFM3xpf2Ta
5HRGFSrlJruRPZNPbsy57r,1BsQxCEbgRXSMX6uCXIp31
0SfsnGyD8FpIN4U4WCkBZ5,44RB2EcmMwG4gC8EH75Ix1
0SfsnGyD8FpIN4U4WCkBZ5,6fMpfNgqaXdCWbsnXS9hCo
0SfsnGyD8FpIN4U4WCkBZ5,13jm4r5O79Vxjy3zzZ51j0
0SfsnGyD8FpIN4U4WCkBZ5,69cjUeiPAQTbYpV50INrC5
0SfsnGyD8FpIN4U4WCkBZ5,6sfRrE7BI5Dm3axuoRlUWq
2YZyLoL8N0Wb9xBt1NhZWg,07d5etnpjriczFBB8pxmRe
2YZyLoL8N0Wb9xBt1NhZWg,2TImI3DW7o5MdRXJs4D37h
2YZyLoL8N0Wb9xBt1NhZWg,1XkoF8ryArs86LZvFOkbyr
2YZyLoL8N0Wb9xBt1NhZWg,1bPYCoigTRLOQwNfjpwmff
2YZyLoL8N0Wb9xBt1NhZWg,3nFkdlSjzX9mRTtwJOzDYB
0tMr0e1EQZ0Vci7EHz2bM9,1MAtgTZFYZqE4u7JQNdzPv
0tMr0e1EQZ0Vci7EHz2bM9,7CpmbhzkL9uT1D9nhckTxB
0tMr0e1EQZ0Vci7EHz2bM9,4XYh8yz79ILkPPbUSi9S20
0tMr0e1EQZ0Vci7EHz2bM9,634pWaMnhmhPL4NTvAONcP
0tMr0e1EQZ0Vci7EHz2bM9,7kzGWqwdYaFGTsQNlAGX0V
10dTAeheJUqaoY9C0UxdHx,2PtuiQVPH59mk8TYx84LXW
1YAv2yohpdjlPVbtqZCGLY,3HAlHSuGwyi9absSOqjTYS
1YAv2yohpdjlPVbtqZCGLY,0FyBGgYP4sYfiWNfWgGqyJ
3gRbjzXPan9DOBEMmTjxVo,5F7BhRKuPflyIm9fOuU4Fp
3gRbjzXPan9DOBEMmTjxVo,0bGDTQ78MVgI5Snqo9KJZw
3gRbjzXPan9DOBEMmTjxVo,2lUrSsHsfcCEL03ByHevnY
3gRbjzXPan9DOBEMmTjxVo,4hH4fEXPg3qpTDlmdNOO01
0y42IQBDFigO5mmEd1bGQG,5pdyjBIaY5o1yOyexGIUc6
2jYMYP2SVifgmzNRQJx3SJ,048FBwXjFYBWxSggPDipic
2jYMYP2SVifgmzNRQJx3SJ,42s9nZQ8ddRJxHzRhPv8o7
2jYMYP2SVifgmzNRQJx3SJ,1CDW0r69t5jWOb4pRHVkrL
2jYMYP2SVifgmzNRQJx3SJ,6wG77Rz1cQYuKSoW7gaZkL
2jYMYP2SVifgmzNRQJx3SJ,4vSWMuZIpvFGdXOwth6JYz
37230BxxYs9ksS7OkZw3IU,540vIaP2JwjQb9dm3aArA4
37230BxxYs9ksS7OkZw3IU,4IMAo2UQchVFyPH24PAjUs
37230BxxYs9ksS7OkZw3IU,1mcTU81TzQhprhouKaTkpq
37230BxxYs9ksS7OkZw3IU,2cPqdH7XMvwaBJEVjheH8g
37230BxxYs9ksS7OkZw3IU,12GqGscKJx3aE4t07u7eVZ
1Xyo4u8uXC1ZmMpatF05PJ,7c0XG5cIJTrrAgEC3ULPiq
1Xyo4u8uXC1ZmMpatF05PJ,23fqKkggKUBHNkbKtXEls4
1Xyo4u8uXC1ZmMpatF05PJ,0UF7XLthtbSF2Eur7559oV
1Xyo4u8uXC1ZmMpatF05PJ,57LYzLEk2LcFghVwuWbcuS
3ypTgZWVLSkBaTjFNjSDE8,10vxlFO7l4kgOKtsz4HbQp
3ypTgZWVLSkBaTjFNjSDE8,1MoWMC4GaNZklW2wmKENRl
3ypTgZWVLSkBaTjFNjSDE8,6PVWZrJ7N7zrg4Ljr6OfUN
3ypTgZWVLSkBaTjFNjSDE8,3QpNnKSjUIIMwFei8h3eOj
3ypTgZWVLSkBaTjFNjSDE8,3NsSv8HchEwfa7bGkjb4ZC
1cdFsfULlsBxTYbAhWlKNQ,052uglZ4PgpVs8YxEOViXz
1cdFsfULlsBxTYbAhWlKNQ,1HkWfjmOohAg7lS9bv1QcL
1cdFsfULlsBxTYbAhWlKNQ,6kf69CwzgodrETRgzcjX95
1cdFsfULlsBxTYbAhWlKNQ,5gaElx30yTGGiOCVnml29N
08DpSTsNFBf1PxTm9lwpXb,1SETr6LqWZXbJyEDVe6xDc
08DpSTsNFBf1PxTm9lwpXb,0bsV0sUjnCuCTYOnNHQl3E
08DpSTsNFBf1PxTm9lwpXb,30qGwXnygZNCzxjN7QsIR0
08DpSTsNFBf1PxTm9lwpXb,0ewkV0qnzBgo0L0D4TjuHI
4gQsGkfdB4uVrNBqo4MhmI,7B2edU3Q7btJoNsoHCNohM
4gQsGkfdB4uVrNBqo4MhmI,7JY39clELNh1MLQBJs6MAk
32KmawYmxJ5tcL7Qkbegff,6DTcZj1lWLJB690Y65Aa9l
32KmawYmxJ5tcL7Qkbegff,2yTN9O1f82UmJz7BfccWgF
32KmawYmxJ5tcL7Qkbegff,1fhEh9FpKs42GFeqerlBUf
32KmawYmxJ5tcL7Qkbegff,7fzOowa82RPwLAjODpj20x
32KmawYmxJ5tcL7Qkbegff,2zVsfeSyFbCey7rq7PasHp
112n8pqLHAybFBHk2nB9yp,31vAiCz7AsxXsljIGKg4UB
3CcqTY5fsD6Bli5ecGhDKz,2aNAAza1OIE1qrfLBlhLaV
3CcqTY5fsD6Bli5ecGhDKz,0VU96E512M8L7rxEdTNHq2
3CcqTY5fsD6Bli5ecGhDKz,7C7sqidbmvHSrxHSlVJzhj
3CcqTY5fsD6Bli5ecGhDKz,3VRX2RB0mQ1vFBro0qibnZ
3CcqTY5fsD6Bli5ecGhDKz,5zExg5Z9MmcUh2B2K93bbs
4BFMTELQyWJU1SwqcXMBm3,1FbrKRver8Lw1Wo9HHE6ag
4WRWFxbK0DKYIpHcScsnAE,7xYjGHouPtvWgPwZkaoXyE
4WRWFxbK0DKYIpHcScsnAE,5oMhvZFfWYpmd5CbFAH6Sg
4WRWFxbK0DKYIpHcScsnAE,2PCY2JYPgvHx2zU4MjOUay
4WRWFxbK0DKYIpHcScsnAE,73Tav0LfXK43U64vONL0zb
4WRWFxbK0DKYIpHcScsnAE,7kpHxIxPUK0PZKCVBTeEDT
67Gv7dwcRa7EjGDf1zWaHR,2aANjWt3cLTqMuExRx0KQG
13jm4r5O79Vxjy3zzZ51j0,2gZzTzeACSwFqkMroVxmnm
13jm4r5O79Vxjy3zzZ51j0,1N9n8MSxrr4Emhb566493b
13jm4r5O79Vxjy3zzZ51j0,3K9Oi6CDAnM7sC3xFzI3O4
13jm4r5O79Vxjy3zzZ51j0,3pt2vTpH1eI776oDZT1G2C
13jm4r5O79Vxjy3zzZ51j0,5U2wxAflSm2aCkV61rqhX2
69cjUeiPAQTbYpV50INrC5,5jDGeVqM5SBYlDFAaeE1lE
69cjUeiPAQTbYpV50INrC5,6OO0PboZcIWUWL7j2IyeoL
69cjUeiPAQTbYpV50INrC5,6nfPOyl2nGdmrYOMvdXkmx
69cjUeiPAQTbYpV50INrC5,5R9MbfCSz54OIpSunDrGZw
07d5etnpjriczFBB8pxmRe,4D75GcNG95ebPtNvoNVXhz
07d5etnpjriczFBB8pxmRe,1anyVhU62p31KFi8MEzkbf
07d5etnpjriczFBB8pxmRe,1FtBEIWAwvw5ymBen5GICR
07d5etnpjriczFBB8pxmRe,1c4rxrxy8eDLvMVL1DTiBe
07d5etnpjriczFBB8pxmRe,2EmRXI8KZXDepJZ5niFy3y
2TImI3DW7o5MdRXJs4D37h,1R4jDezcLcFxrJ9PHNrbG0
2TImI3DW7o5MdRXJs4D37h,0BfxMYdkqRuwPXsSwEf5RE
2TImI3DW7o5MdRXJs4D37h,7wlFDEWiM5OoIAt8RSli8b
2TImI3DW7o5MdRXJs4D37h,1Yss4ClgrS9sIprNlq5O3l
2TImI3DW7o5MdRXJs4D37h,5qcb6WxG2BD7duZEa3K1Vw
1XkoF8ryArs86LZvFOkbyr,0hu27owSBrFN7rz0HQPgRo
1XkoF8ryArs86LZvFOkbyr,2xJ2HMpwwLY36bkjT6sJkD
1XkoF8ryArs86LZvFOkbyr,2DFZNmP2yRQTj48us5dS1Q
1XkoF8ryArs86LZvFOkbyr,0WOANmqW8rKuN9SNFaOsBi
1XkoF8ryArs86LZvFOkbyr,5u3A7f29mFNcPsr5SyuBlC
3nFkdlSjzX9mRTtwJOzDYB,1HwM5zlC5qNWhJtM00yXzG
3nFkdlSjzX9mRTtwJOzDYB,3aVoqlJOYx31lH1gibGDt3
3nFkdlSjzX9mRTtwJOzDYB,2cADQgiLMjNhbsfeN52Bf3
3nFkdlSjzX9mRTtwJOzDYB,2P3cjUru4H3fhSXXNxE9kA
3nFkdlSjzX9mRTtwJOzDYB,6a0Q5bzZXmyosnMi7rHcWh
7CpmbhzkL9uT1D9nhckTxB,2VxxKYEtuy6JnDDB2hpoOH
0bGDTQ78MVgI5Snqo9KJZw,5E5cEevLYdQHU04gIkA3ff
0bGDTQ78MVgI5Snqo9KJZw,4uFZsG1vXrPcvnZ4iSQyrx
0bGDTQ78MVgI5Snqo9KJZw,2bqGPuC8kDCTLWieGOyWxu
0bGDTQ78MVgI5Snqo9KJZw,7J6WMh4LEpLud71vkMUb2U
0bGDTQ78MVgI5Snqo9KJZw,0bXDktUgihGHdyqpwF86TG
4hH4fEXPg3qpTDlmdNOO01,6708Ry82Lcu4s1ZZ8lJ3Kd
4hH4fEXPg3qpTDlmdNOO01,3q8bo1K12TtwbvsPiwJWDi
4hH4fEXPg3qpTDlmdNOO01,3pjhiEAYSaDXhNrI4lO89I
4hH4fEXPg3qpTDlmdNOO01,0pWLy1OOAOUAzPaJdYz9W0
4hH4fEXPg3qpTDlmdNOO01,4T1sY4aibm24hxfz9JnI7c
5pdyjBIaY5o1yOyexGIUc6,07QEuhtrNmmZ0zEcqE9SF6
5pdyjBIaY5o1yOyexGIUc6,6wKxOKEA3K6R2UZ3COLXEY
5pdyjBIaY5o1yOyexGIUc6,4zxvC7CRGvggq9EWXOpwAo
5pdyjBIaY5o1yOyexGIUc6,1DTwvOULHkUfXGwfJybYga
048FBwXjFYBWxSggPDipic,7KygebVvltzvrQxNnukuFT
048FBwXjFYBWxSggPDipic,5UCv4gorwAPGeHmkfx617I
048FBwXjFYBWxSggPDipic,457ZRDj1nAfFgqG8eAxNn9
048FBwXjFYBWxSggPDipic,6kic5bCjlohhDn9KzXbOta
048FBwXjFYBWxSggPDipic,0eNVBq4ee0qY2FCY3oSorx
1CDW0r69t5jWOb4pRHVkrL,3qIRQKST5KCIIKWgmPTY2M
1CDW0r69t5jWOb4pRHVkrL,06xa1OLBsMQJFXcl2tQkH4
4vSWMuZIpvFGdXOwth6JYz,0YlMbkDVT1jzF48OegSjt7
4vSWMuZIpvFGdXOwth6JYz,7sIVbnHhMEvzexb91mLGEc
4vSWMuZIpvFGdXOwth6JYz,4vwzEW1kPK1BlgSBGrRyqZ
4vSWMuZIpvFGdXOwth6JYz,4sSSkVtrCTzENCgm2vokiY
4vSWMuZIpvFGdXOwth6JYz,5oxPzdFtEmChsHTXZNzGHN
540vIaP2JwjQb9dm3aArA4,4HzKw8XcD0piJmDrrPRCYk
540vIaP2JwjQb9dm3aArA4,7zm3aSdmGiOkTt0aZFSO8R
540vIaP2JwjQb9dm3aArA4,3wcj11K77LjEY1PkEazffa
540vIaP2JwjQb9dm3aArA4,77ziqFxp5gaInVrF2lj4ht
540vIaP2JwjQb9dm3aArA4,4DdkRBBYG6Yk9Ka8tdJ9BW
4IMAo2UQchVFyPH24PAjUs,6P3WZjRn6nYJ7xIpCZsxTZ
4IMAo2UQchVFyPH24PAjUs,54AbdWd0XTHGLorkVwINN2
4IMAo2UQchVFyPH24PAjUs,4VMYDCV2IEDYJArk749S6m
4IMAo2UQchVFyPH24PAjUs,3nuuzbcB3ZdqrEQYqR2SQJ
4IMAo2UQchVFyPH24PAjUs,3NpG6SsHaQETkdQVZH6V1E
1mcTU81TzQhprhouKaTkpq,3fZk3Gm5dN5v5yfYMQ04Bx
1mcTU81TzQhprhouKaTkpq,7FNnA9vBm6EKceENgCGRMb
1mcTU81TzQhprhouKaTkpq,2YTyoyU90b3CF5x91YjVaQ
1mcTU81TzQhprhouKaTkpq,0GgyFUpOyzWDRDqx8FCTDN
1mcTU81TzQhprhouKaTkpq,3z26llYP0dIzgnmUp2vSAw
2cPqdH7XMvwaBJEVjheH8g,2YRyPiW98bpkARAS4B3OQP
2cPqdH7XMvwaBJEVjheH8g,4s6Xg38sbqh4xpf4OqhVUK
2cPqdH7XMvwaBJEVjheH8g,1JHgX0v8Dx86wpfQkZuJFg
2cPqdH7XMvwaBJEVjheH8g,1Ts9of7VPZElwPQnqnDSfW
2cPqdH7XMvwaBJEVjheH8g,2DspEsT7UXGKd2VaaedgG4
12GqGscKJx3aE4t07u7eVZ,31VFEohvhOUKrtAONEBhMG
12GqGscKJx3aE4t07u7eVZ,1TA5sGRlKUJXBN4ZyJuDIX
12GqGscKJx3aE4t07u7eVZ,6WDM3vQTsUQ4pMBUhAlHQv
12GqGscKJx3aE4t07u7eVZ,2rmkQLzj0k4nZdQehOUByO
12GqGscKJx3aE4t07u7eVZ,6Sbl0NT50roqWvy746MfVf
7c0XG5cIJTrrAgEC3ULPiq,59wfkuBoNyhDMQGCljbUbA
7c0XG5cIJTrrAgEC3ULPiq,5gCRApTajqwbnHHPbr2Fpi
7c0XG5cIJTrrAgEC3ULPiq,4xPQFgDA5M2xa0ZGo5iIsv
7c0XG5cIJTrrAgEC3ULPiq,1W3FSF1BLpY3hlVIgvenLz
23fqKkggKUBHNkbKtXEls4,0JEE2NPFB55K188YkB838O
23fqKkggKUBHNkbKtXEls4,6wlk4iqaEgEvADMVG6QMd8
23fqKkggKUBHNkbKtXEls4,3QSQFmccmX81fWCUSPTS7y
23fqKkggKUBHNkbKtXEls4,6eVWXmKBW7Iltub01D9R1c
23fqKkggKUBHNkbKtXEls4,7qRll6DYV06u2VuRPAVqug
0UF7XLthtbSF2Eur7559oV,0iui2Be5CP8EWxvHYsVspL
0UF7XLthtbSF2Eur7559oV,6G7P1WNRTlg3FxiYaW0hYh
0UF7XLthtbSF2Eur7559oV,2KYEpWi4Ii0ZfOjXsZfTBg
0UF7XLthtbSF2Eur7559oV,23ymPLjbtAMzTJS2qRtQ8Z
0UF7XLthtbSF2Eur7559oV,43MFF1y8czFwbjB8kf24oG
57LYzLEk2LcFghVwuWbcuS,24S5IyzXICyGscL4vYshdq
57LYzLEk2LcFghVwuWbcuS,23zg3TcAtWQy7J6upgbUnj
57LYzLEk2LcFghVwuWbcuS,3KS7WL7X3d09RoG0ZJfPuF
57LYzLEk2LcFghVwuWbcuS,2RdwBSPQiwcmiDo9kixcl8
57LYzLEk2LcFghVwuWbcuS,3TVXtAsR1Inumwj472S9r4
3QpNnKSjUIIMwFei8h3eOj,1Vi0Dq6hC56i3a6eVA9Y6g
052uglZ4PgpVs8YxEOViXz,0Y4inQK6OespitzD6ijMwb
052uglZ4PgpVs8YxEOViXz,07kiOUGRiofjbQZbEPH8yk
052uglZ4PgpVs8YxEOViXz,7k6jdEkR8FoKdOi0iW4VkR
052uglZ4PgpVs8YxEOViXz,6ZnwtQznVleZpEkQINdyfG
052uglZ4PgpVs8YxEOViXz,2Ip2jiEjsSe8pmRBzwTv5N
1HkWfjmOohAg7lS9bv1QcL,0wvCMT3TcYovoxlH1LDXUw
1HkWfjmOohAg7lS9bv1QcL,7ANeFdhioipksT9lqg0Ay6
5gaElx30yTGGiOCVnml29N,4KZmpaIhanIo46eaQimtgO
5gaElx30yTGGiOCVnml29N,7aFTOGFDEqDtJUCziLVsVC
5gaElx30yTGGiOCVnml29N,0iqznAW9pzZ7KOjx8aCMWo
5gaElx30yTGGiOCVnml29N,7utNm67x1f8kErx7PfWb9U
5gaElx30yTGGiOCVnml29N,0vaKiuLwFJLVU664A8GTjE
1SETr6LqWZXbJyEDVe6xDc,6Xp5A0IppkuhF7uoLCykmo
1SETr6LqWZXbJyEDVe6xDc,0ghOmdop8dsN135XRLszJ5
1SETr6LqWZXbJyEDVe6xDc,1x1MfkVjf8yEzwKhAYZtPY
1SETr6LqWZXbJyEDVe6xDc,68MzdZEcqsklRZH1tttYk8
1SETr6LqWZXbJyEDVe6xDc,76qTdGvShXDzzH6qyAoEDU
0bsV0sUjnCuCTYOnNHQl3E,3Fz2GbraVXhcpXnoi2Oe1r
0bsV0sUjnCuCTYOnNHQl3E,58CUVLn2xm7I9iFg97t9XC
0bsV0sUjnCuCTYOnNHQl3E,5AEG63ajney2BoDXi0Vb84
0bsV0sUjnCuCTYOnNHQl3E,0ZyHdVa2eb82uMFCazvADn
0bsV0sUjnCuCTYOnNHQl3E,19ra5tSw0tWufvUp8GotLo
30qGwXnygZNCzxjN7QsIR0,3Dsj31QwoB51xRtvTojQZ5
30qGwXnygZNCzxjN7QsIR0,2Ub06wAIR1hERODcCkKhzx
30qGwXnygZNCzxjN7QsIR0,53Wk6hhoFwz3REXaZ2XW2a
30qGwXnygZNCzxjN7QsIR0,1tsCntTj7gHy67liJL1uhg
30qGwXnygZNCzxjN7QsIR0,0hktkVFcCRG9z2NTXE6jhl
0ewkV0qnzBgo0L0D4TjuHI,5AUQaNqVYqYPWyUPv30nGK
0ewkV0qnzBgo0L0D4TjuHI,0UvbE6SbAvI7Mo0TW6EHeI
0ewkV0qnzBgo0L0D4TjuHI,1yEhPGgqC2CYc95Z74MJgM
0ewkV0qnzBgo0L0D4TjuHI,6EFO3hOjFS9XlyeeEaBtZQ
0ewkV0qnzBgo0L0D4TjuHI,6HYY39qRmXzcBQEYJgxN66
7JY39clELNh1MLQBJs6MAk,3LRldYGJpCAQT5cZKQyi7o
7JY39clELNh1MLQBJs6MAk,6nbtlXRy0S6adYpDVoRdNi
7JY39clELNh1MLQBJs6MAk,1xKKqtN1Lgaf0Jf3ljFukx
6DTcZj1lWLJB690Y65Aa9l,0xDAUBUYj2a2aVOkXaFI8D
2yTN9O1f82UmJz7BfccWgF,3sTYJwMF8O3J1HaVXwsFH8
2yTN9O1f82UmJz7BfccWgF,2MnoGC9RysHk6Ev0TD2EWB
2yTN9O1f82UmJz7BfccWgF,5oLausuP0t8hEuYC5jkNJ8
2yTN9O1f82UmJz7BfccWgF,3CMGqc4IEKtMjEie04H5QN
2yTN9O1f82UmJz7BfccWgF,2I1iZO8ENTt6Y1SexsZLib
1fhEh9FpKs42GFeqerlBUf,6vsthml7w1AetwgOAg5ZKn
1fhEh9FpKs42GFeqerlBUf,1C1x4MVkql8AiABuTw6DgE
1fhEh9FpKs42GFeqerlBUf,0uSSjCzPnKz5vFfiHL2Mx7
1fhEh9FpKs42GFeqerlBUf,0TxZ2yZS0zgnYwzQXxkpZ6
1fhEh9FpKs42GFeqerlBUf,0jwIYV2OWha4xgIWDlAfrZ
7fzOowa82RPwLAjODpj20x,1yLAdQg7sAb55gPZnrxoNg
7fzOowa82RPwLAjODpj20x,27V0bWhfMtH5lcn0Oxw7j4
7fzOowa82RPwLAjODpj20x,4cavZg62Lk3Q5HLpgKdUaF
7fzOowa82RPwLAjODpj20x,3CzlPWCMY3dKsCysX7jmsP
7fzOowa82RPwLAjODpj20x,4AbLqQwcYxDoCnYsh0RgBn
2zVsfeSyFbCey7rq7PasHp,6GOmlO6wisWSbBzBbCCaWv
2zVsfeSyFbCey7rq7PasHp,3Q6ME42oclDbSGxSq5upKs
2zVsfeSyFbCey7rq7PasHp,1SB4F94dEdcCDTwKWegcnU
31vAiCz7AsxXsljIGKg4UB,380fnmlGnkyueBMqGWx2k5
31vAiCz7AsxXsljIGKg4UB,24KMaDNklCLuxhzamE6tmq
31vAiCz7AsxXsljIGKg4UB,1dSgzYPplLflSilEAcBMQo
2aNAAza1OIE1qrfLBlhLaV,4auQ6V5XgmMW4WqepjqYpH
2aNAAza1OIE1qrfLBlhLaV,1xl5OGfnptveEziTyyg6kQ
2aNAAza1OIE1qrfLBlhLaV,3gkJ7lXtLpE4KauFHpk2vK
2aNAAza1OIE1qrfLBlhLaV,24H92Fr0qe8cCkLudOLxJL
2aNAAza1OIE1qrfLBlhLaV,6MZDMHqls2RwHwUEdgUsqE
0VU96E512M8L7rxEdTNHq2,27DIWgBRQTHmiuJXRECVg3
0VU96E512M8L7rxEdTNHq2,1zf3mY5ZJ69hlt5W24EvYq
0VU96E512M8L7rxEdTNHq2,42wgdh2cJimPoOfh6CC41t
0VU96E512M8L7rxEdTNHq2,5o91834PrqGWBjfyhgORVG
2gZzTzeACSwFqkMroVxmnm,31g6q53OOOzbIYtWlA8eCX
2gZzTzeACSwFqkMroVxmnm,2vFc61va7kQHGpASQpKCHV
2gZzTzeACSwFqkMroVxmnm,3VmdvdqFAX1F9kwV54xGMT
2gZzTzeACSwFqkMroVxmnm,5d4adJfsFgPHPOQZpgHtp1
2gZzTzeACSwFqkMroVxmnm,39Z2NpgQ4rL3GX7K2A7LDi
1N9n8MSxrr4Emhb566493b,52mkFCABBeP3KjkWFA4M2H
1N9n8MSxrr4Emhb566493b,0oad1RRAiN1UpaOWbIB0EW
1N9n8MSxrr4Emhb566493b,1rSGNXhhYuWoq9BEz5DZGO
1N9n8MSxrr4Emhb566493b,2jw70GZXlAI8QzWeY2bgRc
1N9n8MSxrr4Emhb566493b,7MDTWOzSZ2FzEL3c94uPbr
3pt2vTpH1eI776oDZT1G2C,3Cnw9HevM8CqLUVXRO0Rn3
3pt2vTpH1eI776oDZT1G2C,7CO6M2cT1lbumazmOjKnxF
3pt2vTpH1eI776oDZT1G2C,6fcTRFpz0yH79qSKfof7lp
3pt2vTpH1eI776oDZT1G2C,40lHcSYwAqhkmBPoViitWP
3pt2vTpH1eI776oDZT1G2C,3dAnWbqTzCOK1jdiK2v3gI
5U2wxAflSm2aCkV61rqhX2,5FKABVMDKiED2mhi8bFSVx
6OO0PboZcIWUWL7j2IyeoL,3Xf8YOsZ0kRjtOtK1Mr5UM
6OO0PboZcIWUWL7j2IyeoL,0zmnkCTbAxYsZAMIqXEzfS
6OO0PboZcIWUWL7j2IyeoL,1XgI1X3xjXCKRP1ZjhqgkV
6OO0PboZcIWUWL7j2IyeoL,1Rkbc6XIHQ89uq9n1a8kGY
6OO0PboZcIWUWL7j2IyeoL,7E7pydpmvOsJja3GWdZYiw
5R9MbfCSz54OIpSunDrGZw,1Inyqph9XqwCoY0MYAQoo0
5R9MbfCSz54OIpSunDrGZw,7kCyYjGFGfK2wT62gsFVJy
4D75GcNG95ebPtNvoNVXhz,4lWmv250WqWOnM0FKmHxiO
4D75GcNG95ebPtNvoNVXhz,1EAFXic0Cfiwpe7nSuTrGL
4D75GcNG95ebPtNvoNVXhz,4G3F5gyvVJPwtSLgObGqTl
4D75GcNG95ebPtNvoNVXhz,0v2Y5jwtcv8LiWNTRls1KM
4D75GcNG95ebPtNvoNVXhz,7s8qj3Bzbzoyw1t1y88GuX
1anyVhU62p31KFi8MEzkbf,7AguDSkWdr8NzTOvpTID4W
1anyVhU62p31KFi8MEzkbf,17lzZA2AlOHwCwFALHttmp
1anyVhU62p31KFi8MEzkbf,3hcs9uc56yIGFCSy9leWe7
1anyVhU62p31KFi8MEzkbf,7Hjbimq43OgxaBRpFXic4x
1anyVhU62p31KFi8MEzkbf,6e64nPdtxyICfh90RJukpg
1FtBEIWAwvw5ymBen5GICR,2wIVse2owClT7go1WT98tk
1FtBEIWAwvw5ymBen5GICR,0n4Fao9kbjgM76RmVlfSwr
1FtBEIWAwvw5ymBen5GICR,3jK9MiCrA42lLAdMGUZpwa
1FtBEIWAwvw5ymBen5GICR,1RyvyyTE3xzB2ZywiAwp0i
1FtBEIWAwvw5ymBen5GICR,7bXgB6jMjp9ATFy66eO08Z
